Group,Mean,Median,Min,Max,Count
Assigned,0.9258839130593589,0.9997761147775726,0.005304448352338673,1.0,2271
Unassigned,0.46547874898010594,0.3493709525184905,0.00016557273879121267,1.0,2436
